icao;iata;nome;state;country;continent;coordinates
SBAX;AAX;Romeu Zema;MG;BRASIL;AMÉRICA DO SUL;-46.960399627686, -19.563199996948
DIAP;ABJ;Port Bouet;;COSTA DO MARFIM;ÁFRICA;-3.9262900352478027, 5.261390209197998
MMAA;ACA;General Juan N Alvarez International;;MÉXICO;AMÉRICA DO NORTE;-99.75399780273438, 16.757099151611328
DGAA;ACC;Kotoka International;;GANA;ÁFRICA;-0.16678600013256073, 5.605189800262451
GCRR;ACE;Lanzarote;;ESPANHA;EUROPA;-13.6052, 28.945499
LTBJ;ADB;Adnan Menderes International;;TURQUIA;ÁSIA;27.156999588, 38.2924003601
HAAB;ADD;Addis Ababa Bole International;;ETIÓPIA;ÁFRICA;38.799301147499996, 8.97789001465
KADS;ADS;Addison;;ESTADOS UNIDOS DA AMÉRICA;AMÉRICA DO NORTE;-96.8364028931, 32.9686012268
KADW;ADW;Joint Base Andrews;;ESTADOS UNIDOS DA AMÉRICA;AMÉRICA DO NORTE;-76.866997, 38.810799
SABE;AEP;Jorge Newbery Airpark;;ARGENTINA;AMÉRICA DO SUL;-58.4156, -34.5592
KAEX;AEX;Alexandria International;;ESTADOS UNIDOS DA AMÉRICA;AMÉRICA DO NORTE;-92.54979705810547, 31.32740020751953
SBAT;AFL;Piloto Osvaldo Marques Dias;MT;BRASIL;AMÉRICA DO SUL;-56.1049995422, -9.8663892746
GMAD;AGA;Al Massira;;MARROCOS;ÁFRICA;-9.413069725036621, 30.325000762939453
LEMG;AGP;Málaga;;ESPANHA;EUROPA;-4.499110221862793, 36.67490005493164
SGES;AGT;Guarani International;;PARAGUAI;AMÉRICA DO SUL;-54.842682, -25.454516
SBAR;AJU;Santa Maria;SE;BRASIL;AMÉRICA DO SUL;-37.0703010559, -10.984000206
DAAG;ALG;Houari Boumediene;;ARGÉLIA;ÁFRICA;3.215409994125366, 36.691001892089844
KAMA;AMA;Rick Husband Amarillo International;;ESTADOS UNIDOS DA AMÉRICA;AMÉRICA DO NORTE;-101.706001, 35.219398
SNAR;AMJ;Cirilo Queiróz;MG;BRASIL;AMÉRICA DO SUL;-40.66722, -16.18389
EHAM;AMS;Amsterdam Schiphol International;;HOLANDA;EUROPA;4.76389, 52.308601
PANC;ANC;Ted Stevens Anchorage International;;ESTADOS UNIDOS DA AMÉRICA;AMÉRICA DO NORTE;-149.99600219726562, 61.174400329589844
SCFA;ANF;AndrÃ©s Sabella GÃ¡lvez International;;CHILE;AMÉRICA DO SUL;-70.445099, -23.444501
SSOG;APX;Arapongas;PR;BRASIL;AMÉRICA DO SUL;-51.491699, -23.3529
SBAQ;AQA;Araraquara;SP;BRASIL;AMÉRICA DO SUL;-48.1329994202, -21.812000274699997
OJAQ;AQJ;Aqaba King Hussein International;;JORDANIA;ÁSIA;35.01810073852539, 29.611600875854492
SPQU;AQP;RodrÃ­guez BallÃ³n International;;PERU;AMÉRICA DO SUL;-71.5830993652, -16.3411006927
SCAR;ARI;Chacalluta;;CHILE;AMÉRICA DO SUL;-70.338699, -18.348499
ESSA;ARN;Stockholm-Arlanda;;SUÉCIA;EUROPA;17.918600082397, 59.651901245117
SBAU;ARU;Araçatuba;SP;BRASIL;AMÉRICA DO SUL;-50.4247016907, -21.1413002014
SBAC;ARX;Aracati;CE;BRASIL;AMÉRICA DO SUL;-37.804722, -4.568611
SGAS;ASU;Silvio Pettirossi International;;PARAGUAI;AMÉRICA DO SUL;-57.52000045776367, -25.239999771118164
LGAV;ATH;Eleftherios Venizelos International;;GRÉCIA;EUROPA;23.9444999695, 37.9364013672
KATL;ATL;Hartsfield Jackson Atlanta International;;ESTADOS UNIDOS DA AMÉRICA;AMÉRICA DO NORTE;-84.428101, 33.6367
SBHT;ATM;Altamira;PA;BRASIL;AMÉRICA DO SUL;-52.254001617432, -3.2539100646973
TNCA;AUA;Queen Beatrix International;;ARUBA;AMÉRICA DO SUL;-70.015198, 12.5014
OMAA;AUH;Abu Dhabi International;;EMIRADOS ÁRABES UNIDOS;ÁSIA;54.651100158691406, 24.433000564575195
KAUS;AUS;Austin Bergstrom International;;ESTADOS UNIDOS DA AMÉRICA;AMÉRICA DO NORTE;-97.6698989868164, 30.194499969482422
SWGN;AUX;Araguaína;TO;BRASIL;AMÉRICA DO SUL;-48.240501, -7.22787
KIWA;AZA;Phoenix-Mesa-Gateway;;ESTADOS UNIDOS DA AMÉRICA;AMÉRICA DO NORTE;-111.6549988, 33.30780029
OBBI;BAH;Bahrain International;;BAHREIN;ÁSIA;50.63359832763672, 26.27079963684082
SKBQ;BAQ;Ernesto Cortissoz International;;COLOMBIA;AMÉRICA DO SUL;-74.7808, 10.8896
SBBU;BAU;Bauru;SP;BRASIL;AMÉRICA DO SUL;-49.0537986755, -22.3449993134
SWBC;BAZ;Barcelos;AM;BRASIL;AMÉRICA DO SUL;-62.919601, -0.981292
LEBL;BCN;Barcelona International;;ESPANHA;EUROPA;2.07846, 41.2971
SWNK;BCR;Novo Campo;AM;BRASIL;AMÉRICA DO SUL;-67.312401, -8.83456
KBDL;BDL;Bradley International;;ESTADOS UNIDOS DA AMÉRICA;AMÉRICA DO NORTE;-72.68319702149999, 41.9388999939
SBBE;BEL;Val de Cans/Júlio Cezar Ribeiro International;PA;BRASIL;AMÉRICA DO SUL;-48.4762992859, -1.3792500495900002
LFRB;BES;Brest Bretagne;;FRANÇA;EUROPA;-4.418540000915527, 48.447898864746094
KBFI;BFI;Boeing Field King County International;;ESTADOS UNIDOS DA AMÉRICA;AMÉRICA DO NORTE;-122.302001953125, 47.529998779296875
TBPB;BGI;Grantley Adams International;;BARBADOS;AMÉRICA CENTRAL;-59.4925, 13.0746
KBGR;BGR;Bangor International;;ESTADOS UNIDOS DA AMÉRICA;AMÉRICA DO NORTE;-68.8281021118164, 44.80739974975586
SBBG;BGX;Comandante Gustavo Kraemer;RS;BRASIL;AMÉRICA DO SUL;-54.112201690674, -31.39049911499
KBHM;BHM;Birmingham-Shuttlesworth International;;ESTADOS UNIDOS DA AMÉRICA;AMÉRICA DO NORTE;-86.75350189, 33.56290054
EGBB;BHX;Birmingham International;;REINO UNIDO;EUROPA;-1.74802994728, 52.453899383499994
GBYD;BJL;Banjul International;;GAMBIA;ÁFRICA;-16.65220069885254, 13.338000297546387
GABS;BKO;Modibo Keita International;;MALI;ÁFRICA;-7.94994, 12.5335
SVBC;BLA;General JosÃ© Antonio Anzoategui International;;VENEZUELA;AMÉRICA DO SUL;-64.692222, 10.111111
SVBI;BNS;Barinas;;VENEZUELA;AMÉRICA DO SUL;-70.21416667, 8.615
SKBO;BOG;El Dorado International;;COLOMBIA;AMÉRICA DO SUL;-74.1469, 4.70159
VABB;BOM;Chhatrapati Shivaji International;;ÍNDIA;ÁSIA;72.8678970337, 19.0886993408
KBOS;BOS;General Edward Lawrence Logan International;;ESTADOS UNIDOS DA AMÉRICA;AMÉRICA DO NORTE;-71.00520325, 42.36429977
SBBW;BPG;Barra do Garças;MT;BRASIL;AMÉRICA DO SUL;-52.3889007568, -15.861300468400001
SBPS;BPS;Porto Seguro;BA;BRASIL;AMÉRICA DO SUL;-39.080898, -16.438601
TJBQ;BQN;Rafael Hernandez;;PORTO RICO;AMÉRICA CENTRAL;-67.12940216064453, 18.49489974975586
SNBR;BRA;Barreiras;BA;BRASIL;AMÉRICA DO SUL;-45.00899887084961, -12.078900337219238
SAZS;BRC;San Carlos De Bariloche;;ARGENTINA;AMÉRICA DO SUL;-71.157501, -41.151199
SVBM;BRM;Barquisimeto International;;VENEZUELA;AMÉRICA DO SUL;-69.3586196899414, 10.042746543884277
EBBR;BRU;Brussels;;BÉLGICA;EUROPA;4.48443984985, 50.901401519800004
SBBR;BSB;Presidente Juscelino Kubitschek International;DF;BRASIL;AMÉRICA DO SUL;-47.920834, -15.869167
LFSB;BSL;EuroAirport Basel-Mulhouse-Freiburg;;FRANÇA;EUROPA;7.529167, 47.59
LZIB;BTS;Bratislava;;ESLOVÁQUIA;EUROPA;17.21269989013672, 48.17020034790039
SBBV;BVB;Atlas Brasil Cantanhede;RR;BRASIL;AMÉRICA DO SUL;-60.6922225952, 2.84138894081
SBVH;BVH;Brigadeiro Camarão;RO;BRASIL;AMÉRICA DO SUL;-60.098300933838, -12.694399833679
SNVS;BVS;Breves;PA;BRASIL;AMÉRICA DO SUL;-50.443599700927734, -1.6365300416946411
SBDB;BYO;Bonito;MS;BRASIL;AMÉRICA DO SUL;-56.4525, -21.2473
SBCA;CAC;Cascavel;PR;BRASIL;AMÉRICA DO SUL;-53.500801086399996, -25.0002994537
SWCA;CAF;Carauari;AM;BRASIL;AMÉRICA DO SUL;-66.89749908447266, -4.871520042419434
HECA;CAI;Cairo International;;EGITO;ÁFRICA;31.40559959411621, 30.12190055847168
ZGGG;CAN;Guangzhou Baiyun International;;CHINA;ÁSIA;113.29900360107422, 23.39240074157715
SNRU;CAU;Caruaru;PE;BRASIL;AMÉRICA DO SUL;-36.01350021362305, -8.282389640808105
SBCP;CAW;Bartolomeu Lisandro;RJ;BRASIL;AMÉRICA DO SUL;-41.301700592, -21.698299408
SOCA;CAY;Cayenne-Rochambeau;;GUIANA FRANCESA;AMÉRICA DO SUL;-52.360401153599994, 4.819809913639999
SLCB;CBB;Jorge Wilsterman International;;BOLÍVIA;AMÉRICA DO SUL;-66.1771011352539, -17.421100616455078
SSKM;CBW;Campo Mourão;PR;BRASIL;AMÉRICA DO SUL;-52.3568000793, -24.009199142499998
SBCM;CCM;Diomício Freitas;SC;BRASIL;AMÉRICA DO SUL;-49.4213905334, -28.7244434357
SCIE;CCP;Carriel Sur;;CHILE;AMÉRICA DO SUL;-73.063103, -36.772701
SVMI;CCS;SimÃ³n BolÃ­var International;;VENEZUELA;AMÉRICA DO SUL;-66.991222, 10.601194
LFPG;CDG;Charles de Gaulle International;;FRANÇA;EUROPA;2.55, 49.012798
SBCB;CFB;Cabo Frio;RJ;BRASIL;AMÉRICA DO SUL;-42.074298858599995, -22.921699523900003
SJHG;CFO;Confresa;MT;BRASIL;AMÉRICA DO SUL;-51.5635986328125, -10.634400367736816
SBCY;CGB;Marechal Rondon;MT;BRASIL;AMÉRICA DO SUL;-56.1166992188, -15.6528997421
SBSP;CGH;Congonhas;SP;BRASIL;AMÉRICA DO SUL;-46.65638732910156, -23.626110076904297
EDDK;CGN;Cologne Bonn;;ALEMANHA;EUROPA;7.1427397728, 50.8658981323
SBCG;CGR;Campo Grande;MS;BRASIL;AMÉRICA DO SUL;-54.6725006104, -20.468700408900002
LFLX;CHR;"Châteauroux-Centre ""Marcel Dassault""";;FRANÇA;EUROPA;1.721111, 46.860278
SWKO;CIZ;Coari;AM;BRASIL;AMÉRICA DO SUL;-63.132598876953125, -4.134059906005859
SCCF;CJC;El Loa;;CHILE;AMÉRICA DO SUL;-68.90360260009766, -22.498199462890625
SSCP;CKO;Cornélio Procópio;PR;BRASIL;AMÉRICA DO SUL;-50.602500915527344, -23.15250015258789
SBCJ;CKS;Carajás;PA;BRASIL;AMÉRICA DO SUL;-50.0013885498, -6.11527776718
GUCY;CKY;Conakry International;;GUINÉ;ÁFRICA;-13.612, 9.57689
SKCL;CLO;Alfonso Bonilla Aragon International;;COLOMBIA;AMÉRICA DO SUL;-76.3816, 3.54322
SBCN;CLV;Nelson Ribeiro Guimarães;GO;BRASIL;AMÉRICA DO SUL;-48.607498168945, -17.725299835205
VCBI;CMB;Bandaranaike International Colombo;;SRI LANKA;ÁSIA;79.88410186767578, 7.180759906768799
SBCR;CMG;Corumbá International;MS;BRASIL;AMÉRICA DO SUL;-57.6713905334, -19.0119438171
GMMN;CMN;Mohammed V International;;MARROCOS;ÁFRICA;-7.589970111846924, 33.36750030517578
SBCF;CNF;Tancredo Neves International;MG;BRASIL;AMÉRICA DO SUL;-43.97194290161133, -19.62444305419922
SACO;COR;Ingeniero Ambrosio Taravella;;ARGENTINA;AMÉRICA DO SUL;-64.208, -31.323601
EKCH;CPH;Copenhagen Kastrup;;ILHAS FEROÉ;EUROPA;12.656000137329, 55.617900848389
SCAT;CPO;Desierto de Atacama;;CHILE;AMÉRICA DO SUL;-70.7791976929, -27.2611999512
SDAM;CPQ;Amarais;SP;BRASIL;AMÉRICA DO SUL;-47.10820007324219, -22.85919952392578
FACT;CPT;Cape Town International;;ÁFRICA DO SUL;ÁFRICA;18.6016998291, -33.9648017883
SBKG;CPV;Presidente João Suassuna;PB;BRASIL;AMÉRICA DO SUL;-35.8964, -7.26992
SWEK;CQA;Canarana;MT;BRASIL;AMÉRICA DO SUL;-52.27055740356445, -13.574443817138672
EBCI;CRL;Brussels South Charleroi;;BÉLGICA;EUROPA;4.45382, 50.459202
LICC;CTA;Catania-Fontanarossa;;ITÁLIA;EUROPA;15.0664, 37.466801
SKCG;CTG;Rafael NuÃ±ez International;;COLOMBIA;AMÉRICA DO SUL;-75.513, 10.4424
MMUN;CUN;Cancún International;;MÉXICO;AMÉRICA DO NORTE;-86.8770980835, 21.036500930800003
TNCC;CUR;Hato International;;CURAÇAO;AMÉRICA DO NORTE;-68.959801, 12.1889
SPZO;CUZ;Alejandro Velasco Astete International;;PERU;AMÉRICA DO SUL;-71.9387969971, -13.535699844400002
KCVG;CVG;Cincinnati Northern Kentucky International;;ESTADOS UNIDOS DA AMÉRICA;AMÉRICA DO NORTE;-84.667801, 39.048801
SBCT;CWB;Afonso Pena;PR;BRASIL;AMÉRICA DO SUL;-49.1758003235, -25.5284996033
KCWF;CWF;Chennault International;;ESTADOS UNIDOS DA AMÉRICA;AMÉRICA DO NORTE;-93.14320373540001, 30.2105998993
SBCX;CXJ;Hugo Cantergiani Regional;RS;BRASIL;AMÉRICA DO SUL;-51.1875, -29.197099685699996
SBCZ;CZS;Cruzeiro do Sul;AC;BRASIL;AMÉRICA DO SUL;-72.769501, -7.59991
VIDP;DEL;Indira Gandhi International;;ÍNDIA;ÁSIA;77.103104, 28.5665
KDFW;DFW;Dallas Fort Worth International;;ESTADOS UNIDOS DA AMÉRICA;AMÉRICA DO NORTE;-97.038002, 32.896801
OTBD;DIA;Doha International;;QATAR;ÁSIA;51.565102, 25.261101
SNDV;DIQ;Brigadeiro Cabral;MG;BRASIL;AMÉRICA DO SUL;-44.870899200439, -20.180700302124
GOOY;DKR;LÃ©opold SÃ©dar Senghor International;;SENEGAL;ÁFRICA;-17.49020004272461, 14.739700317382812
FKKD;DLA;Douala International;;CAMAROES;ÁFRICA;9.719479560849999, 4.0060801506
OTHH;DOH;Hamad International;;QATAR;ÁSIA;51.608056, 25.273056
WADD;DPS;Ngurah Rai (Bali) International;;INDONÉSIA;ÁSIA;115.16699981689, -8.7481698989868
EGCN;DSA;Robin Hood Doncaster Sheffield;;REINO UNIDO;EUROPA;-1.01065635681, 53.4805378105
GOBD;DSS;Blaise Diagne International;;SENEGAL;ÁFRICA;-17.073333, 14.67
SNDT;DTI;Diamantina;MG;BRASIL;AMÉRICA DO SUL;-43.650398254399995, -18.232000351
KDTW;DTW;Detroit Metropolitan Wayne County;;ESTADOS UNIDOS DA AMÉRICA;AMÉRICA DO NORTE;-83.35340118408203, 42.212398529052734
EIDW;DUB;Dublin;;IRLANDA;EUROPA;-6.27007, 53.421299
EDDL;DUS;Düsseldorf;;ALEMANHA;EUROPA;6.76678, 51.289501
OMDW;DWC;Al Maktoum International;;EMIRADOS ÁRABES UNIDOS;ÁSIA;55.161389, 24.896356
OMDB;DXB;Dubai International;;EMIRADOS ÁRABES UNIDOS;ÁSIA;55.3643989563, 25.2527999878
KELP;ELP;El Paso International;;ESTADOS UNIDOS DA AMÉRICA;AMÉRICA DO NORTE;-106.3779984, 31.80719948
EGNX;EMA;East Midlands;;REINO UNIDO;EUROPA;-1.32806003094, 52.8311004639
SADP;EPA;El Palomar;;ARGENTINA;AMÉRICA DO SUL;-58.6126, -34.6099
SWEI;ERN;Eirunepé;AM;BRASIL;AMÉRICA DO SUL;-69.87979888916016, -6.639530181884766
KEWK;EWK;Newton City-County;;ESTADOS UNIDOS DA AMÉRICA;AMÉRICA DO NORTE;-97.2744979858, 38.058200836199994
KEWR;EWR;Newark Liberty International;;ESTADOS UNIDOS DA AMÉRICA;AMÉRICA DO NORTE;-74.168701171875, 40.692501068115234
SAEZ;EZE;Ministro Pistarini International;;ARGENTINA;AMÉRICA DO SUL;-58.5358, -34.8222
LPFR;FAO;Faro;;PORTUGAL;EUROPA;-7.96590995789, 37.0144004822
SSFB;FBE;Francisco Beltrão;PR;BRASIL;AMÉRICA DO SUL;-53.063499450683594, -26.059200286865234
LIRF;FCO;Leonardo da Vinci - Fiumicino;;ITÁLIA;EUROPA;12.2388889, 41.8002778
TFFF;FDF;Martinique AimÃ© CÃ©saire International;;MARTINICA;AMÉRICA DO NORTE;-61.00320053100586, 14.590999603271484
EDNY;FDH;Friedrichshafen;;ALEMANHA;EUROPA;9.51148986816, 47.671298980699994
SBFN;FEN;Fernando de Noronha;PE;BRASIL;AMÉRICA DO SUL;-32.423302, -3.85493
KFLL;FLL;Fort Lauderdale Hollywood International;;ESTADOS UNIDOS DA AMÉRICA;AMÉRICA DO NORTE;-80.152702, 26.072599
SBFL;FLN;Hercílio Luz International;SC;BRASIL;AMÉRICA DO SUL;-48.5525016784668, -27.670278549194336
LFTW;FNI;NÃ®mes-Arles-Camargue;;FRANÇA;EUROPA;4.4163498878479, 43.75740051269531
SBFZ;FOR;Pinto Martins International;CE;BRASIL;AMÉRICA DO SUL;-38.53260040283203, -3.776279926300049
EDDF;FRA;Frankfurt am Main;;ALEMANHA;EUROPA;8.570556, 50.033333
SIMK;FRC;Tenente Lund Pressoto;SP;BRASIL;AMÉRICA DO SUL;-47.3829, -20.592199
SAWC;FTE;El Calafate;;CHILE;AMÉRICA DO SUL;-72.053101, -50.2803
MMGL;GDL;Don Miguel Hidalgo Y Costilla International;;MÉXICO;AMÉRICA DO NORTE;-103.31099700927734, 20.521799087524414
SBNM;GEL;Santo Ângelo;RS;BRASIL;AMÉRICA DO SUL;-54.169102, -28.2817
SYCJ;GEO;Cheddi Jagan International;;GUIANA;AMÉRICA DO SUL;-58.25410079956055, 6.498549938201904
SBGL;GIG;Galeão – Tom Jobim International;RJ;BRASIL;AMÉRICA DO SUL;-43.2505569458, -22.8099994659
SNGI;GNM;Guanambi;BA;BRASIL;AMÉRICA DO SUL;-42.74610137939453, -14.208200454711914
ESGG;GOT;Gothenburg-Landvetter;;SUÉCIA;EUROPA;12.279800415039, 57.662799835205
SBGU;GPB;Tancredo Thomas de Faria;PR;BRASIL;AMÉRICA DO SUL;-51.520199, -25.387501
SEGS;GPS;Seymour;;EQUADOR;AMÉRICA DO SUL;-90.26589965820312, -0.45375800132751465
SBGR;GRU;Guarulhos International;SP;BRASIL;AMÉRICA DO SUL;-46.47305679321289, -23.435556411743164
MGGT;GUA;La Aurora;;GUATEMALA;AMÉRICA CENTRAL;-90.527496, 14.5833
KGUS;GUS;Grissom Air Reserve Base;;ESTADOS UNIDOS DA AMÉRICA;AMÉRICA DO NORTE;-86.1520996094, 40.648101806599996
SNGA;GUZ;Guarapari;ES;BRASIL;AMÉRICA DO SUL;-40.491901397700005, -20.646499633800005
LSGG;GVA;Geneva Cointrin International;;SUÁÇA;EUROPA;6.108950138092041, 46.23809814453125
SBGV;GVR;Coronel Altino Machado de Oliveira;MG;BRASIL;AMÉRICA DO SUL;-41.982200622559, -18.89520072937
UBBB;GYD;Heydar Aliyev International;;AZERBAIJÁO;ÁSIA;50.04669952392578, 40.467498779296875
SEGU;GYE;JosÃ© JoaquÃ­n de Olmedo International;;EQUADOR;AMÉRICA DO SUL;-79.88359832760001, -2.1574199199699997
SBGO;GYN;Santa Genoveva;GO;BRASIL;AMÉRICA DO SUL;-49.220699310302734, -16.631999969482422
MUHA;HAV;JosÃ© MartÃ­ International;;CUBA;AMÉRICA CENTRAL;-82.40910339355469, 22.989200592041016
EFHK;HEL;Helsinki Vantaa;;FINLANDIA;EUROPA;24.963300704956, 60.317199707031
ZBHH;HET;Baita International;;CHINA;ÁSIA;111.823997, 40.851398
LGAT;HEW;Athen Helenikon;;GRÉCIA;EUROPA;23.726101, 37.893299
ZSHC;HGH;Hangzhou Xiaoshan International;;CHINA;ÁSIA;120.43399810791016, 30.22949981689453
EDFH;HHN;Frankfurt-Hahn;;ALEMANHA;EUROPA;7.26389, 49.9487
WIHH;HLP;Halim Perdanakusuma International;;INDONÉSIA;ÁSIA;106.89099884033203, -6.266610145568848
RJTT;HND;Tokyo Haneda International;;JAPÁO;ÁSIA;139.779999, 35.552299
FVHA;HRE;Robert Gabriel Mugabe International;;ZIMBÁBUE;ÁFRICA;31.0928, -17.931801
KHSV;HSV;Huntsville International Carl T Jones Field;;ESTADOS UNIDOS DA AMÉRICA;AMÉRICA DO NORTE;-86.775100708008, 34.637199401855
SWHT;HUW;Humaitá;AM;BRASIL;AMÉRICA DO SUL;-63.072101593, -7.532120227810001
KIAD;IAD;Washington Dulles International;;ESTADOS UNIDOS DA AMÉRICA;AMÉRICA DO NORTE;-77.45580292, 38.94449997
KIAH;IAH;George Bush Intercontinental Houston;;ESTADOS UNIDOS DA AMÉRICA;AMÉRICA DO NORTE;-95.34140014648438, 29.984399795532227
RKSI;ICN;Incheon International;;COREIA DO SUL;ÁSIA;126.45099639892578, 37.46910095214844
SARI;IGR;Cataratas Del Iguazú International;;ARGENTINA;AMÉRICA DO SUL;-54.4734, -25.737301
SBFI;IGU;Cataratas International;PR;BRASIL;AMÉRICA DO SUL;-54.48500061035156, -25.600278854370117
SBIZ;IMP;Prefeito Renato Moreira;MA;BRASIL;AMÉRICA DO SUL;-47.459999, -5.53129
SBIL;IOS;Bahia - Jorge Amado;BA;BRASIL;AMÉRICA DO SUL;-39.033199310303, -14.815999984741
SBIP;IPN;Usiminas;MG;BRASIL;AMÉRICA DO SUL;-42.487598419189, -19.470699310303
SNIU;IPU;Ipiaú;BA;BRASIL;AMÉRICA DO SUL;-39.733890533447266, -14.133889198303223
SCDA;IQQ;Diego Aracena;;CHILE;AMÉRICA DO SUL;-70.1812973022461, -20.535200119018555
SPQT;IQT;Coronel FAP Francisco Secada Vignetta International;;PERU;AMÉRICA DO SUL;-73.30879974365234, -3.7847399711608887
SNIC;IRE;Irecê;BA;BRASIL;AMÉRICA DO SUL;-41.84700012207031, -11.339900016784668
LTBA;ISL;Atatürk International;;TURQUIA;EUROPA;28.8146, 40.976898
LTFM;IST;Istanbul;;TURQUIA;EUROPA;28.751944, 41.275278
SBIH;ITB;Itaituba;PA;BRASIL;AMÉRICA DO SUL;-56.000701904297, -4.2423400878906
SBZM;IZA;Presidente Itamar Franco;MG;BRASIL;AMÉRICA DO SUL;-43.173069, -21.513086
KJAX;JAX;Jacksonville International;;ESTADOS UNIDOS DA AMÉRICA;AMÉRICA DO NORTE;-81.68789672851562, 30.49410057067871
SSSB;JBS;São Borja;RS;BRASIL;AMÉRICA DO SUL;-56.034599, -28.6549
SBJF;JDF;Francisco de Assis;MG;BRASIL;AMÉRICA DO SUL;-43.38679885864258, -21.791500091552734
SBJU;JDO;Orlando Bezerra de Menezes;CE;BRASIL;AMÉRICA DO SUL;-39.270099639899996, -7.21895980835
SNJR;JDR;Prefeito Octávio de Almeida Neves;MG;BRASIL;AMÉRICA DO SUL;-44.2247238159, -21.0849990845
OEJN;JED;King Abdulaziz International;;ARÁBIA SAUDITA;ÁSIA;39.156502, 21.6796
KJFK;JFK;John F Kennedy International;;ESTADOS UNIDOS DA AMÉRICA;AMÉRICA DO NORTE;-73.7789, 40.639801
SWJN;JIA;Juína;MT;BRASIL;AMÉRICA DO SUL;-58.701668, -11.419444
SBJA;JJG;Humberto Ghizzo Bortoluzzi Regional;SC;BRASIL;AMÉRICA DO SUL;-49.0596, -28.6753
SNJN;JNA;Januária;MG;BRASIL;AMÉRICA DO SUL;-44.385501861572266, -15.473799705505371
FAOR;JNB;OR Tambo International;;ÁFRICA DO SUL;ÁFRICA;28.246, -26.1392
SBJV;JOI;Lauro Carneiro de Loyola;SC;BRASIL;AMÉRICA DO SUL;-48.797401428222656, -26.22450065612793
SBJP;JPA;Presidente Castro Pinto International;PB;BRASIL;AMÉRICA DO SUL;-34.9486122131, -7.145833015440001
SJTC;JTC;Bauru/Arealva–Moussa Nakhal Tobias State;SP;BRASIL;AMÉRICA DO SUL;-49.0502866745, -22.166859140899998
SIZX;JUA;Inácio Luís do Nascimento;MT;BRASIL;AMÉRICA DO SUL;-57.5495, -11.2966
SPJL;JUL;Inca Manco Capac International;;PERU;AMÉRICA DO SUL;-70.158203125, -15.467100143432617
OAKB;KBL;Hamid Karzai International;;AFEGANISTÁO;ÁSIA;69.212303, 34.565899
BIKF;KEF;Keflavik International;;ISLANDIA;EUROPA;-22.6056, 63.985001
UAKK;KGF;Sary-Arka;;CAZAQUISTÁO;ÁSIA;73.33439636230469, 49.670799255371094
MKJP;KIN;Norman Manley International;;JAMAICA;AMÉRICA CENTRAL;-76.7874984741211, 17.935699462890625
ESNQ;KRN;Kiruna;;SUÉCIA;EUROPA;20.336799621582, 67.821998596191
OKBK;KWI;Kuwait International;;KUWAIT;ÁSIA;47.96889877319336, 29.226600646972656
FNLU;LAD;Quatro de Fevereiro;;ANGOLA;ÁFRICA;13.2312, -8.85837
SBLJ;LAJ;Lages;SC;BRASIL;AMÉRICA DO SUL;-50.28150177, -27.782100677499997
KLAS;LAS;McCarran International;;ESTADOS UNIDOS DA AMÉRICA;AMÉRICA DO NORTE;-115.1520004, 36.08010101
KLAX;LAX;Los Angeles International;;ESTADOS UNIDOS DA AMÉRICA;AMÉRICA DO NORTE;-118.407997, 33.942501
SWLB;LBR;Lábrea;AM;BRASIL;AMÉRICA DO SUL;-64.76950073242188, -7.278969764709473
SWBG;LCB;Pontes e Lacerda;MT;BRASIL;AMÉRICA DO SUL;-59.3848, -15.1934
KLCK;LCK;Rickenbacker International;;ESTADOS UNIDOS DA AMÉRICA;AMÉRICA DO NORTE;-82.927803, 39.813801
SBLO;LDB;Governador José Richa;PR;BRASIL;AMÉRICA DO SUL;-51.1301002502, -23.333599090599996
LFBT;LDE;Tarbes-Lourdes-Pirenéus;;FRANÇA;EUROPA;-0.006438999902456999, 43.1786994934082
SBLE;LEC;Coronel Horácio de Mattos;BA;BRASIL;AMÉRICA DO SUL;-41.2770004272, -12.4822998047
ULLI;LED;Pulkovo;;RÚSSIA;EUROPA;30.262500762939453, 59.80030059814453
EDDP;LEJ;Leipzig/Halle;;ALEMANHA;EUROPA;12.236389, 51.423889
SKLT;LET;Alfredo VÃ¡squez Cobo International;;COLOMBIA;AMÉRICA DO SUL;-69.9432, -4.19355
DXXX;LFW;LomÃ©-Tokoin;;TOGO;ÁFRICA;1.2545100450515747, 6.165609836578369
EBLG;LGG;Liége;;BÉLGICA;EUROPA;5.443220138549805, 50.63740158081055
EGKK;LGW;London Gatwick;;REINO UNIDO;EUROPA;-0.190278, 51.148102
OPLA;LHE;Alama Iqbal International;;PAQUISTÁO;ÁSIA;74.40360260009766, 31.5216007232666
EGLL;LHR;London Heathrow;;REINO UNIDO;EUROPA;-0.461941, 51.4706
SPJC;LIM;Jorge Chávez International;;PERU;AMÉRICA DO SUL;-77.114305, -12.0219
LPPT;LIS;Humberto Delgado (Lisbon Portela);;PORTUGAL;EUROPA;-9.13592, 38.7813
DNMM;LOS;Murtala Muhammed International;;NIGÉRIA;ÁFRICA;3.321160078048706, 6.5773701667785645
GCLP;LPA;Gran Canaria;;ILHAS CANÁRIAS;ÁFRICA;-15.38659954071045, 27.931900024414062
SLLP;LPB;El Alto International;;BOLÍVIA;AMÉRICA DO SUL;-68.19229888916016, -16.5132999420166
KLRD;LRD;Laredo International;;ESTADOS UNIDOS DA AMÉRICA;AMÉRICA DO NORTE;-99.46160125732422, 27.543800354003906
SCSE;LSC;La Florida;;CHILE;AMÉRICA DO SUL;-71.199501, -29.916201
SELT;LTX;Cotopaxi International;;EQUADOR;AMÉRICA DO SUL;-78.615799, -0.906833
SAOU;LUQ;Brigadier Mayor D Cesar Raul Ojeda;;ARGENTINA;AMÉRICA DO SUL;-66.3563995361, -33.2732009888
ELLX;LUX;Luxembourg-Findel International;;LUXEMBURGO;EUROPA;6.2044444, 49.6233333
SILC;LVR;Municipal Bom Futuro;MT;BRASIL;AMÉRICA DO SUL;-55.95025, -13.037861
UKLL;LWO;Lviv International;;UCRANIA;EUROPA;23.956100463867188, 49.8125
SBMA;MAB;João Correa da Rocha;PA;BRASIL;AMÉRICA DO SUL;-49.138000488299994, -5.36858987808
LEMD;MAD;Adolfo Suárez, Madrid-Barajas;;ESPANHA;EUROPA;-3.56264, 40.471926
MMMA;MAM;General Servando Canales International;;MÉXICO;AMÉRICA DO NORTE;-97.5252990723, 25.7698993683
SBEG;MAO;Eduardo Gomes International;AM;BRASIL;AMÉRICA DO SUL;-60.049702, -3.03861
SVMC;MAR;La Chinita International;;VENEZUELA;AMÉRICA DO SUL;-71.7278594971, 10.5582084656
HKMO;MBA;Mombasa Moi International;;QUÚNIA;ÁFRICA;39.594200134277344, -4.034830093383789
MKJS;MBJ;Sangster International;;JAMAICA;AMÉRICA CENTRAL;-77.91339874267578, 18.503700256347656
SWMW;MBZ;Maués;AM;BRASIL;AMÉRICA DO SUL;-57.7248, -3.37217
KMCN;MCN;Middle Georgia Regional;;ESTADOS UNIDOS DA AMÉRICA;AMÉRICA DO NORTE;-83.64920043945312, 32.69279861450195
KMCO;MCO;Orlando International;;ESTADOS UNIDOS DA AMÉRICA;AMÉRICA DO NORTE;-81.30899810791016, 28.429399490356445
SBMQ;MCP;Alberto Alcolumbre;AP;BRASIL;AMÉRICA DO SUL;-51.0722007751, 0.0506640002131
OOMS;MCT;Muscat International;;OMÁ;ÁSIA;58.284400939941406, 23.593299865722656
SBMO;MCZ;Zumbi dos Palmares;AL;BRASIL;AMÉRICA DO SUL;-35.79169845581055, -9.510809898376465
SKRG;MDE;Jose Maria CÃ³rdova International;;COLOMBIA;AMÉRICA DO SUL;-75.4231, 6.16454
SAME;MDZ;El Plumerillo;;ARGENTINA;AMÉRICA DO SUL;-68.7929000854, -32.8316993713
SBME;MEA;Macaé;RJ;BRASIL;AMÉRICA DO SUL;-41.7659988403, -22.343000412
SEMT;MEC;Eloy Alfaro International;;EQUADOR;AMÉRICA DO SUL;-80.67880249023438, -0.9460780024528503
KMEM;MEM;Memphis International;;ESTADOS UNIDOS DA AMÉRICA;AMÉRICA DO NORTE;-89.97669982910156, 35.04240036010742
SBMD;MEU;Monte Dourado;PA;BRASIL;AMÉRICA DO SUL;-52.6022, -0.889839
MMMX;MEX;Licenciado Benito Juarez International;;MÉXICO;AMÉRICA DO NORTE;-99.072098, 19.4363
MNMG;MGA;Augusto C. Sandino (Managua) International;;NICARÁGUA;AMÉRICA CENTRAL;-86.16819763183594, 12.141500473022461
SBMG;MGF;Regional de Maringá - Sílvio Name Júnior;PR;BRASIL;AMÉRICA DO SUL;-52.016187, -23.47606
KMIA;MIA;Miami International;;ESTADOS UNIDOS DA AMÉRICA;AMÉRICA DO NORTE;-80.29060363769531, 25.79319953918457
MMMD;MID;Licenciado Manuel Crescencio Rejon Int;;MÉXICO;AMÉRICA DO NORTE;-89.657699585, 20.937000274699997
SBML;MII;Frank Miloye Milenkowichi–Marília State;SP;BRASIL;AMÉRICA DO SUL;-49.926399231, -22.1968994141
LMML;MLA;Malta International;;MALTA;EUROPA;14.4775, 35.857498
KMLB;MLB;Melbourne International;;ESTADOS UNIDOS DA AMÉRICA;AMÉRICA DO NORTE;-80.64530181884766, 28.102800369262695
SBMK;MOC;Mário Ribeiro;MG;BRASIL;AMÉRICA DO SUL;-43.818901062, -16.706899642899998
FQMA;MPM;Maputo;;MOÇAMBIQUE;ÁFRICA;32.572601, -25.920799
EGYP;MPN;Mount Pleasant;;REINO UNIDO;EUROPA;-58.447200775146484, -51.82279968261719
LFML;MRS;Marseille Provence;;FRANÇA;EUROPA;5.22142410278, 43.439271922
FIMP;MRU;Sir Seewoosagur Ramgoolam International;;MAURÁCIA;ÁFRICA;57.683601, -20.430201
KMSP;MSP;Minneapolis-St Paul International;;ESTADOS UNIDOS DA AMÉRICA;AMÉRICA DO NORTE;-93.221802, 44.882
EHBK;MST;Maastricht Aachen;;HOLANDA;EUROPA;5.77014, 50.911701
KMSY;MSY;Louis Armstrong New Orleans International;;ESTADOS UNIDOS DA AMÉRICA;AMÉRICA DO NORTE;-90.25800323486328, 29.99340057373047
SNMA;MTE;Monte Alegre;PA;BRASIL;AMÉRICA DO SUL;-54.07419967651367, -1.9958000183105469
MMMY;MTY;General Mariano Escobedo International;;MÉXICO;AMÉRICA DO NORTE;-100.107002258, 25.7784996033
EDDM;MUC;Munich;;ALEMANHA;EUROPA;11.7861, 48.353802
SVMT;MUN;MaturÃ­n;;VENEZUELA;AMÉRICA DO SUL;-63.14739990234375, 9.75452995300293
SUMU;MVD;Carrasco International /General C L Berisso;;URUGUAI;AMÉRICA DO SUL;-56.0308, -34.838402
SBMS;MVF;Dix-Sept Rosado;RN;BRASIL;AMÉRICA DO SUL;-37.3642997742, -5.2019200324999995
LIMC;MXP;Malpensa International;;ITÁLIA;EUROPA;8.72811, 45.6306
MYNN;NAS;Lynden Pindling International;;BAHAMAS;AMÉRICA CENTRAL;-77.466202, 25.039
SBSG;NAT;Governador Aluízio Alves International;RN;BRASIL;AMÉRICA DO SUL;-35.376111, -5.768056
HKJK;NBO;Jomo Kenyatta International;;QUÚNIA;ÁFRICA;36.9277992249, -1.31923997402
ZSNJ;NKG;Nanjing Lukou;;CHINA;ÁSIA;118.86199951171875, 31.742000579833984
SNNU;NNU;Nanuque;MG;BRASIL;AMÉRICA DO SUL;-40.329898834228516, -17.823299407958984
SAZN;NQN;Presidente Peron;;ARGENTINA;AMÉRICA DO SUL;-68.155701, -38.949001
RJAA;NRT;Narita International;;JAPÁO;ÁSIA;140.386002, 35.764702
SBNF;NVT;Ministro Victor Konder International;SC;BRASIL;AMÉRICA DO SUL;-48.651402, -26.879999
SSKW;OAL;Cacoal;RO;BRASIL;AMÉRICA DO SUL;-61.4508, -11.496
SNTI;OBI;Óbidos;PA;BRASIL;AMÉRICA DO SUL;-55.514400482177734, -1.867169976234436
KONT;ONT;Ontario International;;ESTADOS UNIDOS DA AMÉRICA;AMÉRICA DO NORTE;-117.60099792480469, 34.055999755859375
LPPR;OPO;Francisco de SÃ¡ Carneiro;;PORTUGAL;EUROPA;-8.68138980865, 41.2481002808
SWSI;OPS;Presidente João Batista Figueiredo;MT;BRASIL;AMÉRICA DO SUL;-55.586109, -11.885001
SASO;ORA;Orán;;ARGENTINA;AMÉRICA DO SUL;-64.3292007446, -23.1527996063
KORD;ORD;Chicago O'Hare International;;ESTADOS UNIDOS DA AMÉRICA;AMÉRICA DO NORTE;-87.9048, 41.9786
SNOX;ORX;Oriximiná;PA;BRASIL;AMÉRICA DO SUL;-55.83620071411133, -1.7140799760818481
LFPO;ORY;Paris-Orly;;FRANÇA;EUROPA;2.3794444, 48.7233333
LKMT;OSR;Ostrava Leos JanÃ¡Äek;;REPÚBLICA TCHECA;EUROPA;18.111099243164062, 49.6963005065918
EBOS;OST;Ostend-Bruges International;;BÉLGICA;EUROPA;2.8622200489, 51.198898315399994
SBOI;OYK;Oiapoque;AP;BRASIL;AMÉRICA DO SUL;-51.79690170288086, 3.85548996925354
MTPP;PAP;Toussaint Louverture International;;HAITI;AMÉRICA CENTRAL;-72.2925033569336, 18.579999923706055
SBUF;PAV;Paulo Afonso;BA;BRASIL;AMÉRICA DO SUL;-38.250598907471, -9.4008798599243
KPBI;PBI;Palm Beach International;;ESTADOS UNIDOS DA AMÉRICA;AMÉRICA DO NORTE;-80.09559631347656, 26.68320083618164
SMJP;PBM;Johan Adolf Pengel International;;SURINAME;AMÉRICA DO SUL;-55.1878013611, 5.4528298377999995
LPPD;PDL;JoÃ£o Paulo II;;PORTUGAL;EUROPA;-25.6979007721, 37.7411994934
SULS;PDP;Capitan Corbeta CA Curbelo International;;URUGUAI;AMÉRICA DO SUL;-55.09429931640625, -34.855098724365234
ZBAA;PEK;Beijing Capital International;;CHINA;ÁSIA;116.58499908447266, 40.080101013183594
YPPH;PER;Perth International;;AUSTRÁLIA;OCEANIA;115.96700286865234, -31.94029998779297
SBPK;PET;João Simões Lopes Neto International;RS;BRASIL;AMÉRICA DO SUL;-52.327702, -31.718399
SBPF;PFB;Lauro Kurtz;RS;BRASIL;AMÉRICA DO SUL;-52.326599, -28.243999
SSZW;PGZ;Ponta Grossa - Comandante Antonio Amilton Beraldo;PR;BRASIL;AMÉRICA DO SUL;-50.1441, -25.1847
SBPB;PHB;Prefeito Doutor João Silva Filho;PI;BRASIL;AMÉRICA DO SUL;-41.73199844359999, -2.89374995232
DNPO;PHC;Port Harcourt International;;NIGÉRIA;AFRICA;6.94959020614624, 5.0154900550842285
EGPK;PIK;Glasgow Prestwick;;REINO UNIDO;EUROPA;-4.586669921875, 55.5093994140625
SWPI;PIN;Parintins;AM;BRASIL;AMÉRICA DO SUL;-56.777198791503906, -2.6730198860168457
SPSO;PIO;CapitÃ¡n FAP RenÃ¡n ElÃ­as Olivera International;;PERU;AMÉRICA DO SUL;-76.22029876708984, -13.74489974975586
UHPP;PKC;Yelizovo;;RÚSSIA;EUROPA;158.45399475097656, 53.16790008544922
SBMN;PLL;Ponta Pelada;AM;BRASIL;AMÉRICA DO SUL;-59.98630142211914, -3.1460399627685547
SBBH;PLU;Pampulha - Carlos Drummond de Andrade;MG;BRASIL;AMÉRICA DO SUL;-43.950599670410156, -19.851200103759766
SCTE;PMC;El Tepual;;CHILE;AMÉRICA DO SUL;-73.09400177001953, -41.438899993896484
LEPA;PMI;Palma De Mallorca;;ESPANHA;EUROPA;2.73881006241, 39.551700592
LICJ;PMO;FalconeâBorsellino;;ITÁLIA;EUROPA;13.091, 38.175999
SVMG;PMV;Del Caribe Santiago MariÃ±o International;;VENEZUELA;AMÉRICA DO SUL;-63.96659851074219, 10.912603378295898
SBPJ;PMW;Brigadeiro Lysias Rodrigues;TO;BRASIL;AMÉRICA DO SUL;-48.35699844359999, -10.291500091600001
SSPG;PNG;Paranaguá;PR;BRASIL;AMÉRICA DO SUL;-48.53120040893555, -25.54010009765625
SBPL;PNZ;Senador Nilo Coelho;PE;BRASIL;AMÉRICA DO SUL;-40.56909942626953, -9.362409591674805
SBPA;POA;Salgado Filho;RS;BRASIL;AMÉRICA DO SUL;-51.1713981628418, -29.994400024414062
SNPD;POJ;Patos de Minas;MG;BRASIL;AMÉRICA DO SUL;-46.4911994934082, -18.672800064086914
SBPC;POO;Poços de Caldas - Embaixador Walther Moreira Salles;MG;BRASIL;AMÉRICA DO SUL;-46.567901611328, -21.843000411987
TTPP;POS;Piarco International;;TRINIDAD E TOBAGO;AMÉRICA CENTRAL;-61.33720016479492, 10.595399856567383
SBDN;PPB;Presidente Prudente;SP;BRASIL;AMÉRICA DO SUL;-51.4245986938, -22.1751003265
SNZA;PPY;Pouso Alegre;MG;BRASIL;AMÉRICA DO SUL;-45.91910171508789, -22.289199829101562
LKPR;PRG;VÃ¡clav Havel Prague;;REPÚBLICA TCHECA;EUROPA;14.26, 50.1008
SNOS;PSW;Municipal José Figueiredo;MG;BRASIL;AMÉRICA DO SUL;-46.661800384521484, -20.732200622558594
TFFR;PTP;Pointe-Ã -Pitre Le Raizet;;GUADALUPE;AMÉRICA DO NORTE;-61.531799, 16.265301
SNMZ;PTQ;Porto de Moz;PA;BRASIL;AMÉRICA DO SUL;-52.23609924316406, -1.7414499521255493
MPTO;PTY;Tocumen International;;PANAMÁ;AMÉRICA CENTRAL;-79.3834991455, 9.0713596344
MDPC;PUJ;Punta Cana International;;REPÚBLICA DOMINICANA;AMÉRICA CENTRAL;-68.36340332030001, 18.567399978599997
SCCI;PUQ;Pdte. Carlos IbaÃ±ez del Campo;;CHILE;AMÉRICA DO SUL;-70.854599, -53.002602
ZSPD;PVG;Shanghai Pudong International;;CHINA;ÁSIA;121.80500030517578, 31.143400192260742
SBPV;PVH;Governador Jorge Teixeira de Oliveira;RO;BRASIL;AMÉRICA DO SUL;-63.90230178833008, -8.70928955078125
SSPI;PVI;Paranavaí;PR;BRASIL;AMÉRICA DO SUL;-52.48849868774414, -23.08989906311035
SSCN;QCN;Canela;RS;BRASIL;AMÉRICA DO SUL;-50.832000732421875, -29.37019920349121
SSGY;QGA;Guaíra;PR;BRASIL;AMÉRICA DO SUL;-54.19169998168945, -24.081100463867188
SNIG;QIG;Iguatu;CE;BRASIL;AMÉRICA DO SUL;-39.293800354003906, -6.346640110015869
SNIP;QIT;Itapetinga;BA;BRASIL;AMÉRICA DO SUL;-40.277198791503906, -15.244500160217285
MMQT;QRO;QuerÃ©taro Intercontinental;;MÉXICO;AMÉRICA DO NORTE;-100.185997, 20.6173
SDSC;QSC;Mário Pereira Lopes–São Carlos;SP;BRASIL;AMÉRICA DO SUL;-47.903703, -21.875401
GVNP;RAI;Praia International;;CABO VERDE;ÁFRICA;-23.493499755859375, 14.924500465393066
GMMX;RAK;Menara;;MARROCOS;ÁFRICA;-8.03629970551, 31.606899261499997
SBRP;RAO;Leite Lopes;SP;BRASIL;AMÉRICA DO SUL;-47.776668548583984, -21.136388778686523
GMME;RBA;Rabat-SalÃ©;;MARROCOS;ÁFRICA;-6.75152, 34.051498
SWBR;RBB;Borba;AM;BRASIL;AMÉRICA DO SUL;-59.60240173339844, -4.4063401222229
SBRB;RBR;Rio Branco-Plácido de Castro International;AC;BRASIL;AMÉRICA DO SUL;-67.893984, -9.869031
SNDC;RDC;Redenção;PA;BRASIL;AMÉRICA DO SUL;-49.97990036010742, -8.033289909362793
SBRF;REC;Guararapes - Gilberto Freyre International;PE;BRASIL;AMÉRICA DO SUL;-34.92359924316406, -8.126489639282227
SARE;RES;Resistencia International;;ARGENTINA;AMÉRICA DO SUL;-59.0561, -27.45
SANR;RHD;Termas de RÃ­o Hondo international;;ARGENTINA;AMÉRICA DO SUL;-64.93595, -27.4966
SBSM;RIA;Santa Maria;RS;BRASIL;AMÉRICA DO SUL;-53.688202, -29.711399
SJRG;RIG;Rio Grande Regional;RS;BRASIL;AMÉRICA DO SUL;-52.167184, -32.083065
SWRD;ROO;Maestro Marinho Franco;MT;BRASIL;AMÉRICA DO SUL;-54.7248, -16.586
SAAR;ROS;Islas Malvinas;;ARGENTINA;AMÉRICA DO SUL;-60.785, -32.9036
KRSW;RSW;Southwest Florida International;;ESTADOS UNIDOS DA AMÉRICA;AMÉRICA DO NORTE;-81.75520324707031, 26.53619956970215
SWLC;RVD;General Leite de Castro;GO;BRASIL;AMÉRICA DO SUL;-50.956111907958984, -17.8347225189209
SURV;RVY;Presidente General Don Oscar D. Gestido International;;URUGUAI;AMÉRICA DO SUL;-55.476200103759766, -30.974599838256836
MSLP;SAL;MonseÃ±or Ãscar Arnulfo Romero International;;EL SALVADOR;AMÉRICA CENTRAL;-89.055702, 13.4409
MHLM;SAP;RamÃ³n Villeda Morales International;;HONDURAS;AMÉRICA CENTRAL;-87.923599, 15.4526
KSAT;SAT;San Antonio International;;ESTADOS UNIDOS DA AMÉRICA;AMÉRICA DO NORTE;-98.469803, 29.533701
LTFJ;SAW;Sabiha Gökçen International;;TURQUIA;ÁSIA;29.3092002869, 40.898601532
KSBD;SBD;San Bernardino International;;ESTADOS UNIDOS DA AMÉRICA;AMÉRICA DO NORTE;-117.23500061, 34.0954017639
SCEL;SCL;Comodoro Arturo Merino BenÃ­tez International;;CHILE;AMÉRICA DO SUL;-70.78579711914062, -33.393001556396484
MDSD;SDQ;Las Américas International;;REPÚBLICA DOMINICANA;AMÉRICA CENTRAL;-69.668899536133, 18.42970085144
SBRJ;SDU;Santos Dumont;RJ;BRASIL;AMÉRICA DO SUL;-43.1631011963, -22.910499572799996
SAAV;SFN;Sauce Viejo;;ARGENTINA;AMÉRICA DO SUL;-60.8117, -31.7117
KSFO;SFO;San Francisco International;;ESTADOS UNIDOS DA AMÉRICA;AMÉRICA DO NORTE;-122.375, 37.61899948120117
GVAC;SID;AmÃ­lcar Cabral International;;CABO VERDE;ÁFRICA;-22.9494, 16.7414
WSSS;SIN;Singapore Changi;;SINGAPURA;ÁSIA;103.994003, 1.35019
MMSD;SJD;Los Cabos International;;MÉXICO;AMÉRICA DO NORTE;-109.72100067138672, 23.15180015563965
SBSJ;SJK;Professor Urbano Ernesto Stumpf;SP;BRASIL;AMÉRICA DO SUL;-45.86149978637695, -23.22920036315918
SBUA;SJL;São Gabriel da Cachoeira;AM;BRASIL;AMÉRICA DO SUL;-66.9855, -0.14835
MROC;SJO;Juan Santamaria International;;COSTA RICA;AMÉRICA CENTRAL;-84.20880126953125, 9.993860244750977
SBSR;SJP;Prof. Eribelto Manoel Reino State;SP;BRASIL;AMÉRICA DO SUL;-49.40650177, -20.816600799599996
TJSJ;SJU;Luis Munoz Marin International;;PORTO RICO;AMÉRICA CENTRAL;-66.0018005371, 18.4393997192
SASA;SLA;Martin Miguel De Guemes International;;ARGENTINA;AMÉRICA DO SUL;-65.4861984253, -24.856000900299996
SBSL;SLZ;Marechal Cunha Machado International;MA;BRASIL;AMÉRICA DO SUL;-44.234100341796875, -2.585360050201416
LPAZ;SMA;Santa Maria;;PORTUGAL;EUROPA;-25.17060089111328, 36.97140121459961
SBSO;SMT;Adolino Bedin Regional;MT;BRASIL;AMÉRICA DO SUL;-55.672341, -12.479177
EINN;SNN;Shannon;;IRLANDA;EUROPA;-8.92482, 52.702
SDCO;SOD;Sorocaba;SP;BRASIL;AMÉRICA DO SUL;-47.490002, -23.478001
LBSF;SOF;Sofia;;BULGARIA;EUROPA;23.411436080932617, 42.696693420410156
SSZR;SRA;Santa Rosa;RS;BRASIL;AMÉRICA DO SUL;-54.520401, -27.9067
SBSV;SSA;Deputado Luiz Eduardo Magalhães International;BA;BRASIL;AMÉRICA DO SUL;-38.3224983215, -12.9086112976
KSTL;STL;St Louis Lambert International;;ESTADOS UNIDOS DA AMÉRICA;AMÉRICA DO NORTE;-90.370003, 38.748697
SBSN;STM;Maestro Wilson Fonseca;PA;BRASIL;AMÉRICA DO SUL;-54.785831451416016, -2.4247219562530518
EGSS;STN;London Stansted;;REINO UNIDO;EUROPA;0.234999999404, 51.8849983215
KSUU;SUU;Travis Air Force Base;;ESTADOS UNIDOS DA AMÉRICA;AMÉRICA DO NORTE;-121.92700195312, 38.262699127197
UUEE;SVO;Sheremetyevo International;;RÚSSIA;EUROPA;37.4146, 55.972599
LEZL;SVQ;Sevilla;;ESPANHA;EUROPA;-5.8931097984313965, 37.417999267578125
USSS;SVX;Koltsovo;;RÚSSIA;EUROPA;60.802700042725, 56.743099212646
EDDB;SXF;Berlin-Schönefeld;;ALEMANHA;EUROPA;13.5225, 52.380001
SWFX;SXO;São Félix do Araguaia;MT;BRASIL;AMÉRICA DO SUL;-50.68960189819336, -11.632399559020996
YSSY;SYD;Sydney Kingsford Smith International;;AUSTRÁLIA;OCEANIA;151.177001953125, -33.94609832763672
OISS;SYZ;Shiraz Shahid Dastghaib International;;IRA;ÁSIA;52.589802, 29.5392
TTCP;TAB;Tobago-Crown Point;;TRINIDAD E TOBAGO;AMÉRICA CENTRAL;-60.83219909667969, 11.149700164794922
ZSQD;TAO;Liuting;;CHINA;ÁSIA;120.374000549, 36.2661018372
UTTT;TAS;Tashkent International;;UZBEQUISTÁO;ÁSIA;69.2811965942, 41.257900238
SBTT;TBT;Tabatinga;AM;BRASIL;AMÉRICA DO SUL;-69.93579864502, -4.2556700706482
SBTL;TEC;Telêmaco Borba;PR;BRASIL;AMÉRICA DO SUL;-50.6516, -24.317801
LPLA;TER;Lajes;;PORTUGAL;EUROPA;-27.090799, 38.761799
SBTF;TFF;Tefé;AM;BRASIL;AMÉRICA DO SUL;-64.7240982056, -3.38294005394
SNTO;TFL;Juscelino Kubitscheck;MG;BRASIL;AMÉRICA DO SUL;-41.51359939575195, -17.89229965209961
GCXO;TFN;Tenerife Norte;;ESPANHA;EUROPA;-16.3414993286, 28.4827003479
GCTS;TFS;Tenerife South;;ESPANHA;EUROPA;-16.5725002289, 28.044500351
SWTS;TGQ;Tangará da Serra;MT;BRASIL;AMÉRICA DO SUL;-57.4435005188, -14.661999702500001
SBTE;THE;Senador Petrônio Portela;PI;BRASIL;AMÉRICA DO SUL;-42.8235015869, -5.0599398613
MMTO;TLC;Licenciado Adolfo Lopez Mateos International;;MÉXICO;AMÉRICA DO NORTE;-99.56600189210002, 19.3370990753
LFBO;TLS;Toulouse-Blagnac;;FRANÇA;EUROPA;1.36382, 43.629101
LLBG;TLV;Ben Gurion International;;ISRAEL;ÁSIA;34.88669967651367, 32.01139831542969
SBTB;TMT;Trombetas;PA;BRASIL;AMÉRICA DO SUL;-56.396800994873, -1.489599943161
SBTD;TOW;Toledo;PR;BRASIL;AMÉRICA DO SUL;-53.697498, -24.6863
KTPA;TPA;Tampa International;;ESTADOS UNIDOS DA AMÉRICA;AMÉRICA DO NORTE;-82.533203125, 27.975500106811523
SANT;TUC;Teniente Benjamin Matienzo;;ARGENTINA;AMÉRICA DO SUL;-65.104897, -26.8409
SBTU;TUR;Tucuruí;PA;BRASIL;AMÉRICA DO SUL;-49.72029876709, -3.7860100269318
KTUS;TUS;Tucson International;;ESTADOS UNIDOS DA AMÉRICA;AMÉRICA DO NORTE;-110.938053, 32.115004
SNTF;TXF;9 de Maio - Teixeira de Freitas;BA;BRASIL;AMÉRICA DO SUL;-39.66849899292, -17.524499893188
SANU;UAQ;Domingo Faustino Sarmiento;;ARGENTINA;AMÉRICA DO SUL;-68.418198, -31.571501
SBUR;UBA;Mário de Almeida Franco;MG;BRASIL;AMÉRICA DO SUL;-47.966110229492, -19.764722824097
SDUB;UBT;Ubatuba;SP;BRASIL;AMÉRICA DO SUL;-45.075599670410156, -23.441099166870117
SBUL;UDI;Ten. Cel. Aviador César Bombonato;MG;BRASIL;AMÉRICA DO SUL;-48.225277, -18.883612
SEQM;UIO;Mariscal Sucre International;;EQUADOR;AMÉRICA DO SUL;-78.3575, -0.129166666667
UWLW;ULY;Ulyanovsk East;;RÚSSIA;EUROPA;48.80270004272461, 54.4010009765625
SBTC;UNA;Hotel Transamérica;BA;BRASIL;AMÉRICA DO SUL;-38.9990005493, -15.355199813799999
SBUG;URG;Rubem Berta;RS;BRASIL;AMÉRICA DO SUL;-57.0382003784, -29.7821998596
UIUU;UUD;Ulan-Ude (Mukhino);;RÚSSIA;EUROPA;107.43800354003906, 51.80780029296875
SBVG;VAG;Major Brigadeiro Trompowsky;MG;BRASIL;AMÉRICA DO SUL;-45.4733009338, -21.5900993347
SNVB;VAL;Valença;BA;BRASIL;AMÉRICA DO SUL;-38.992401, -13.2965
SBKP;VCP;Viracopos International;SP;BRASIL;AMÉRICA DO SUL;-47.1344985962, -23.0074005127
KVCV;VCV;Southern California Logistics;;ESTADOS UNIDOS DA AMÉRICA;AMÉRICA DO NORTE;-117.383003235, 34.597499847399995
SVVG;VIG;Juan Pablo PÃ©rez Alfonso;;VENEZUELA;AMÉRICA DO SUL;-71.672668, 8.624139
SBVT;VIX;Eurico de Aguiar Salles;ES;BRASIL;AMÉRICA DO SUL;-40.286388, -20.258057
UUWW;VKO;Vnukovo International;;RÚSSIA;EUROPA;37.2615013123, 55.5914993286
LEVC;VLC;Valencia;;ESPANHA;EUROPA;-0.481625, 39.4893
SVVA;VLN;Arturo Michelena International;;VENEZUELA;AMÉRICA DO SUL;-67.92839813232422, 10.14973258972168
KVQQ;VQQ;Cecil;;ESTADOS UNIDOS DA AMÉRICA;AMÉRICA DO NORTE;-81.876701355, 30.2187004089
MMVA;VSA;Carlos Rovirosa PÃ©rez International;;MÉXICO;AMÉRICA DO NORTE;-92.81739807128906, 17.996999740600586
SLVR;VVI;Viru Viru International;;BOLÍVIA;AMÉRICA DO SUL;-63.135399, -17.6448
EPWA;WAW;Warsaw Chopin;;POLONIA;EUROPA;20.967100143399996, 52.1656990051
FYWB;WVB;Walvis Bay;;NAMÁBIA;ÁFRICA;14.6453, -22.9799
SBCH;XAP;Serafin Enoss Bertaso;SC;BRASIL;AMÉRICA DO SUL;-52.656600952148, -27.134199142456
LFOK;XCR;ChÃ¢lons-Vatry;;FRANÇA;EUROPA;4.206111111, 48.7733333333
EDHI;XFW;Hamburg-Finkenwerder;;ALEMANHA;EUROPA;9.835556030273438, 53.5352783203125
ZSAM;XMN;Xiamen Gaoqi International;;CHINA;ÁSIA;118.12799835205078, 24.54400062561035
CYHN;YHN;Hornepayne Municipal;;CANADÁ;AMÉRICA DO NORTE;-84.75890350341797, 49.19309997558594
CYMX;YMX;Montreal International (Mirabel);;CANADÁ;AMÉRICA DO NORTE;-74.038696, 45.679501
CYOW;YOW;Ottawa Macdonald-Cartier International;;CANADÁ;AMÉRICA DO NORTE;-75.66919708251953, 45.3224983215332
CYQX;YQX;Gander International;;CANADÁ;AMÉRICA DO NORTE;-54.56809997558594, 48.9369010925293
CYUL;YUL;Montreal / Pierre Elliott Trudeau International;;CANADÁ;AMÉRICA DO NORTE;-73.7407989502, 45.4706001282
CYVR;YVR;Vancouver International;;CANADÁ;AMÉRICA DO NORTE;-123.183998108, 49.193901062
CYYL;YYL;Lynn Lake;;CANADÁ;AMÉRICA DO NORTE;-101.07599639892578, 56.86389923095703
CYYZ;YYZ;Lester B. Pearson International;;CANADÁ;AMÉRICA DO NORTE;-79.63059997559999, 43.6772003174
LEZG;ZAZ;Zaragoza Air Base;;ESPANHA;EUROPA;-1.0415500402450562, 41.66619873046875
LSZH;ZRH;Zürich International;;SUÁÇA;EUROPA;8.54917, 47.464699
